Workbook

Sheet project
A1: key | B1: value | C1: 备注
A2: product_type | B2: 哈哈哥的压力测试 | C2: 项目类型
A3: project | B3: 哈哈哥的压力测试 | C3: 项目名称：
A4: emu_enable | B4: FALSE | C4: 是否启用EMU功能
A5: http_ip | B5: 0.0.0.0 | C5: HTTP监听IP
A6: http_port | B6: 9091 | C6: HTTP监听端口
A7: mqtt_enable | B7: TRUE | C7: 是否启用MQTT
A8: mqtt_host | B8: 127.0.0.1 | C8: MQTT服务器地址
A9: mqtt_port | B9: 1883 | C9: MQTT服务器端口
A10: mqtt_username | B10: root | C10: MQTT用户名
A11: mqtt_password | B11: inpower | C11: MQTT密码
A12: mqtt_yt | B12: /asw/+/+/setyt | C12: MQTT遥调
A13: mqtt_yk | B13: /asw/+/+/setyk | C13: MQTT遥控
A14: north_modbus_host | B14: 0.0.0.0 | C14: 北向Modbus从机IP
A15: north_modbus_port | B15: 9092 | C15: 北向Modbus从机端口
A16: north_modbus_conf | B16: ./config/MODBUS_REGISTERS.xlsx | C16: 北向Modbus配置文件

Sheet devices
A1: no | B1: id | C1: type | D1: desc
A2: 1 | B2: pcs1 | C2: PCS | D2: 125kW
A3: 2 | B3: pcs2 | C3: PCS | D3: 125kW
A4: 3 | B4: pcs3 | C4: PCS | D4: 125kW
A5: 4 | B5: pcs4 | C5: PCS | D5: 125kW
A6: 5 | B6: pcs5 | C6: PCS | D6: 125kW
A7: 6 | B7: pcs6 | C7: PCS | D7: 125kW
A8: 7 | B8: pcs7 | C8: PCS | D8: 125kW
A9: 8 | B9: pcs8 | C9: PCS | D9: 125kW
A10: 9 | B10: pcs9 | C10: PCS | D10: 125kW
A11: 10 | B11: pcs10 | C11: PCS | D11: 125kW
A12: 11 | B12: pcs11 | C12: PCS | D12: 125kW
A13: 12 | B13: pcs12 | C13: PCS | D13: 125kW

Sheet config
A1: no | B1: id | C1: type | D1: comType | E1: registerFile | F1: interval | G1: timeout | H1: ip | I1: port | J1: slave | K1: serialTty | L1: baudRate | M1: dataBits | N1: parity | O1: stopBits | P1: interface | Q1: desc | R1: requestInterval | S1: maxGap
A2: =devices!A2 -> 1 | B2: pcs1 | C2: PCS | D2: ModbusTCP | E2: ./config/PCS_125_英博.xlsx | F2: 2000 | G2: 5000 | H2: 192.168.100.140 | I2: 33434 | J2: 1
A3: =devices!A3 -> 2 | B3: pcs2 | C3: PCS | D3: ModbusTCP | E3: ./config/PCS_125_英博.xlsx | F3: 2000 | G3: 5000 | H3: 192.168.100.140 | I3: 33434 | J3: 1
A4: =devices!A4 -> 3 | B4: pcs3 | C4: PCS | D4: ModbusTCP | E4: ./config/PCS_125_英博.xlsx | F4: 2000 | G4: 5000 | H4: 192.168.100.140 | I4: 33434 | J4: 1
A5: =devices!A5 -> 4 | B5: pcs4 | C5: PCS | D5: ModbusTCP | E5: ./config/PCS_125_英博.xlsx | F5: 2000 | G5: 5000 | H5: 192.168.100.140 | I5: 33434 | J5: 1
A6: =devices!A6 -> 5 | B6: pcs5 | C6: PCS | D6: ModbusTCP | E6: ./config/PCS_125_英博.xlsx | F6: 2000 | G6: 5000 | H6: 192.168.100.140 | I6: 33434 | J6: 1
A7: =devices!A7 -> 6 | B7: pcs6 | C7: PCS | D7: ModbusTCP | E7: ./config/PCS_125_英博.xlsx | F7: 2000 | G7: 5000 | H7: 192.168.100.140 | I7: 33434 | J7: 1
A8: =devices!A8 -> 7 | B8: pcs7 | C8: PCS | D8: ModbusTCP | E8: ./config/PCS_125_英博.xlsx | F8: 2000 | G8: 5000 | H8: 192.168.100.140 | I8: 33434 | J8: 1
A9: =devices!A9 -> 8 | B9: pcs8 | C9: PCS | D9: ModbusTCP | E9: ./config/PCS_125_英博.xlsx | F9: 2000 | G9: 5000 | H9: 192.168.100.140 | I9: 33434 | J9: 1
A10: =devices!A10 -> 9 | B10: pcs9 | C10: PCS | D10: ModbusTCP | E10: ./config/PCS_125_英博.xlsx | F10: 2000 | G10: 5000 | H10: 192.168.100.140 | I10: 33434 | J10: 1
A11: =devices!A11 -> 10 | B11: pcs10 | C11: PCS | D11: ModbusTCP | E11: ./config/PCS_125_英博.xlsx | F11: 2000 | G11: 5000 | H11: 192.168.100.140 | I11: 33434 | J11: 1
A12: =devices!A12 -> 11 | B12: pcs11 | C12: PCS | D12: ModbusTCP | E12: ./config/PCS_125_英博.xlsx | F12: 2000 | G12: 5000 | H12: 192.168.100.140 | I12: 33434 | J12: 1
A13: =devices!A13 -> 12 | B13: pcs12 | C13: PCS | D13: ModbusTCP | E13: ./config/PCS_125_英博.xlsx | F13: 2000 | G13: 5000 | H13: 192.168.100.140 | I13: 33434 | J13: 1

Sheet mqtt_routes
A1: device_id | B1: topic | C1: point_ids | D1: enable
A2: pcs1 | B2: /pds/pcs/0/yx | C2: =_xlfn.TEXTJOIN(",",TRUE,[2]遥信!$A$2:$A$17)&",65535" -> 1000,1001,1002,1003,1004,1005,1006,1007,1008,1009,1010,1011,1012,1013,1014,1015,65535 | D2: 1
A3: pcs1 | B3: /pds/pcs/0/yc | C3: =_xlfn.TEXTJOIN(",",TRUE,[1]遥测!$A$2:$A$180) -> 1,2,3,4,5,6,7,8,9,10,11,12,13,14,15,16,17,18,19,20,21,22,23,24,25,26,27,28,29,30,31,32,33,34,35,36,40,41,42,43,44,45,46,47,48,49,50,51,52,53,54,55,56,57,58,59,60,61,62,63,64,65,66,67,68,69,70,71 | D3: 1
A4: pcs1 | B4: /pds/pcs/0/yt | C4: =_xlfn.TEXTJOIN(",",TRUE,[1]遥调!$A$2:$A$44) -> 2000,2001,2002,2003,2004,2005,2006,2007,2008,2009,2010,2011,2012,2013,2014,2015,2016,2017,2018,2019,2020,2021,2022,2023,2024,2025,2026,2027,2028,2029
A5: pcs2 | B5: /pds/pcs/1/yx | C5: =_xlfn.TEXTJOIN(",",TRUE,[2]遥信!$A$2:$A$17)&",65535" -> 1000,1001,1002,1003,1004,1005,1006,1007,1008,1009,1010,1011,1012,1013,1014,1015,65535 | D5: 1
A6: pcs2 | B6: /pds/pcs/1/yc | C6: =_xlfn.TEXTJOIN(",",TRUE,[1]遥测!$A$2:$A$180) -> 1,2,3,4,5,6,7,8,9,10,11,12,13,14,15,16,17,18,19,20,21,22,23,24,25,26,27,28,29,30,31,32,33,34,35,36,40,41,42,43,44,45,46,47,48,49,50,51,52,53,54,55,56,57,58,59,60,61,62,63,64,65,66,67,68,69,70,71 | D6: 1
A7: pcs2 | B7: /pds/pcs/1/yt | C7: =_xlfn.TEXTJOIN(",",TRUE,[1]遥调!$A$2:$A$44) -> 2000,2001,2002,2003,2004,2005,2006,2007,2008,2009,2010,2011,2012,2013,2014,2015,2016,2017,2018,2019,2020,2021,2022,2023,2024,2025,2026,2027,2028,2029
A8: pcs3 | B8: /pds/pcs/2/yx | C8: =_xlfn.TEXTJOIN(",",TRUE,[2]遥信!$A$2:$A$17)&",65535" -> 1000,1001,1002,1003,1004,1005,1006,1007,1008,1009,1010,1011,1012,1013,1014,1015,65535 | D8: 1
A9: pcs3 | B9: /pds/pcs/2/yc | C9: =_xlfn.TEXTJOIN(",",TRUE,[1]遥测!$A$2:$A$180) -> 1,2,3,4,5,6,7,8,9,10,11,12,13,14,15,16,17,18,19,20,21,22,23,24,25,26,27,28,29,30,31,32,33,34,35,36,40,41,42,43,44,45,46,47,48,49,50,51,52,53,54,55,56,57,58,59,60,61,62,63,64,65,66,67,68,69,70,71 | D9: 1
A10: pcs3 | B10: /pds/pcs/2/yt | C10: =_xlfn.TEXTJOIN(",",TRUE,[1]遥调!$A$2:$A$44) -> 2000,2001,2002,2003,2004,2005,2006,2007,2008,2009,2010,2011,2012,2013,2014,2015,2016,2017,2018,2019,2020,2021,2022,2023,2024,2025,2026,2027,2028,2029
A11: pcs4 | B11: /pds/pcs/3/yx | C11: =_xlfn.TEXTJOIN(",",TRUE,[2]遥信!$A$2:$A$17)&",65535" -> 1000,1001,1002,1003,1004,1005,1006,1007,1008,1009,1010,1011,1012,1013,1014,1015,65535 | D11: 1
A12: pcs4 | B12: /pds/pcs/3/yc | C12: =_xlfn.TEXTJOIN(",",TRUE,[1]遥测!$A$2:$A$180) -> 1,2,3,4,5,6,7,8,9,10,11,12,13,14,15,16,17,18,19,20,21,22,23,24,25,26,27,28,29,30,31,32,33,34,35,36,40,41,42,43,44,45,46,47,48,49,50,51,52,53,54,55,56,57,58,59,60,61,62,63,64,65,66,67,68,69,70,71 | D12: 1
A13: pcs4 | B13: /pds/pcs/3/yt | C13: =_xlfn.TEXTJOIN(",",TRUE,[1]遥调!$A$2:$A$44) -> 2000,2001,2002,2003,2004,2005,2006,2007,2008,2009,2010,2011,2012,2013,2014,2015,2016,2017,2018,2019,2020,2021,2022,2023,2024,2025,2026,2027,2028,2029
A14: pcs5 | B14: /pds/pcs/4/yx | C14: =_xlfn.TEXTJOIN(",",TRUE,[2]遥信!$A$2:$A$17)&",65535" -> 1000,1001,1002,1003,1004,1005,1006,1007,1008,1009,1010,1011,1012,1013,1014,1015,65535 | D14: 1
A15: pcs5 | B15: /pds/pcs/4/yc | C15: =_xlfn.TEXTJOIN(",",TRUE,[1]遥测!$A$2:$A$180) -> 1,2,3,4,5,6,7,8,9,10,11,12,13,14,15,16,17,18,19,20,21,22,23,24,25,26,27,28,29,30,31,32,33,34,35,36,40,41,42,43,44,45,46,47,48,49,50,51,52,53,54,55,56,57,58,59,60,61,62,63,64,65,66,67,68,69,70,71 | D15: 1
A16: pcs5 | B16: /pds/pcs/4/yt | C16: =_xlfn.TEXTJOIN(",",TRUE,[1]遥调!$A$2:$A$44) -> 2000,2001,2002,2003,2004,2005,2006,2007,2008,2009,2010,2011,2012,2013,2014,2015,2016,2017,2018,2019,2020,2021,2022,2023,2024,2025,2026,2027,2028,2029
A17: pcs6 | B17: /pds/pcs/5/yx | C17: =_xlfn.TEXTJOIN(",",TRUE,[2]遥信!$A$2:$A$17)&",65535" -> 1000,1001,1002,1003,1004,1005,1006,1007,1008,1009,1010,1011,1012,1013,1014,1015,65535 | D17: 1
A18: pcs6 | B18: /pds/pcs/5/yc | C18: =_xlfn.TEXTJOIN(",",TRUE,[1]遥测!$A$2:$A$180) -> 1,2,3,4,5,6,7,8,9,10,11,12,13,14,15,16,17,18,19,20,21,22,23,24,25,26,27,28,29,30,31,32,33,34,35,36,40,41,42,43,44,45,46,47,48,49,50,51,52,53,54,55,56,57,58,59,60,61,62,63,64,65,66,67,68,69,70,71 | D18: 1
A19: pcs6 | B19: /pds/pcs/5/yt | C19: =_xlfn.TEXTJOIN(",",TRUE,[1]遥调!$A$2:$A$44) -> 2000,2001,2002,2003,2004,2005,2006,2007,2008,2009,2010,2011,2012,2013,2014,2015,2016,2017,2018,2019,2020,2021,2022,2023,2024,2025,2026,2027,2028,2029
A20: pcs7 | B20: /pds/pcs/6/yx | C20: =_xlfn.TEXTJOIN(",",TRUE,[2]遥信!$A$2:$A$17)&",65535" -> 1000,1001,1002,1003,1004,1005,1006,1007,1008,1009,1010,1011,1012,1013,1014,1015,65535 | D20: 1
A21: pcs7 | B21: /pds/pcs/6/yc | C21: =_xlfn.TEXTJOIN(",",TRUE,[1]遥测!$A$2:$A$180) -> 1,2,3,4,5,6,7,8,9,10,11,12,13,14,15,16,17,18,19,20,21,22,23,24,25,26,27,28,29,30,31,32,33,34,35,36,40,41,42,43,44,45,46,47,48,49,50,51,52,53,54,55,56,57,58,59,60,61,62,63,64,65,66,67,68,69,70,71 | D21: 1
A22: pcs7 | B22: /pds/pcs/6/yt | C22: =_xlfn.TEXTJOIN(",",TRUE,[1]遥调!$A$2:$A$44) -> 2000,2001,2002,2003,2004,2005,2006,2007,2008,2009,2010,2011,2012,2013,2014,2015,2016,2017,2018,2019,2020,2021,2022,2023,2024,2025,2026,2027,2028,2029
A23: pcs8 | B23: /pds/pcs/7/yx | C23: =_xlfn.TEXTJOIN(",",TRUE,[2]遥信!$A$2:$A$17)&",65535" -> 1000,1001,1002,1003,1004,1005,1006,1007,1008,1009,1010,1011,1012,1013,1014,1015,65535 | D23: 1
A24: pcs8 | B24: /pds/pcs/7/yc | C24: =_xlfn.TEXTJOIN(",",TRUE,[1]遥测!$A$2:$A$180) -> 1,2,3,4,5,6,7,8,9,10,11,12,13,14,15,16,17,18,19,20,21,22,23,24,25,26,27,28,29,30,31,32,33,34,35,36,40,41,42,43,44,45,46,47,48,49,50,51,52,53,54,55,56,57,58,59,60,61,62,63,64,65,66,67,68,69,70,71 | D24: 1
A25: pcs8 | B25: /pds/pcs/7/yt | C25: =_xlfn.TEXTJOIN(",",TRUE,[1]遥调!$A$2:$A$44) -> 2000,2001,2002,2003,2004,2005,2006,2007,2008,2009,2010,2011,2012,2013,2014,2015,2016,2017,2018,2019,2020,2021,2022,2023,2024,2025,2026,2027,2028,2029
A26: pcs9 | B26: /pds/pcs/8/yx | C26: =_xlfn.TEXTJOIN(",",TRUE,[2]遥信!$A$2:$A$17)&",65535" -> 1000,1001,1002,1003,1004,1005,1006,1007,1008,1009,1010,1011,1012,1013,1014,1015,65535 | D26: 1
A27: pcs9 | B27: /pds/pcs/8/yc | C27: =_xlfn.TEXTJOIN(",",TRUE,[1]遥测!$A$2:$A$180) -> 1,2,3,4,5,6,7,8,9,10,11,12,13,14,15,16,17,18,19,20,21,22,23,24,25,26,27,28,29,30,31,32,33,34,35,36,40,41,42,43,44,45,46,47,48,49,50,51,52,53,54,55,56,57,58,59,60,61,62,63,64,65,66,67,68,69,70,71 | D27: 1
A28: pcs9 | B28: /pds/pcs/8/yt | C28: =_xlfn.TEXTJOIN(",",TRUE,[1]遥调!$A$2:$A$44) -> 2000,2001,2002,2003,2004,2005,2006,2007,2008,2009,2010,2011,2012,2013,2014,2015,2016,2017,2018,2019,2020,2021,2022,2023,2024,2025,2026,2027,2028,2029
A29: pcs10 | B29: /pds/pcs/9/yx | C29: =_xlfn.TEXTJOIN(",",TRUE,[2]遥信!$A$2:$A$17)&",65535" -> 1000,1001,1002,1003,1004,1005,1006,1007,1008,1009,1010,1011,1012,1013,1014,1015,65535 | D29: 1
A30: pcs10 | B30: /pds/pcs/9/yc | C30: =_xlfn.TEXTJOIN(",",TRUE,[1]遥测!$A$2:$A$180) -> 1,2,3,4,5,6,7,8,9,10,11,12,13,14,15,16,17,18,19,20,21,22,23,24,25,26,27,28,29,30,31,32,33,34,35,36,40,41,42,43,44,45,46,47,48,49,50,51,52,53,54,55,56,57,58,59,60,61,62,63,64,65,66,67,68,69,70,71 | D30: 1
A31: pcs10 | B31: /pds/pcs/9/yt | C31: =_xlfn.TEXTJOIN(",",TRUE,[1]遥调!$A$2:$A$44) -> 2000,2001,2002,2003,2004,2005,2006,2007,2008,2009,2010,2011,2012,2013,2014,2015,2016,2017,2018,2019,2020,2021,2022,2023,2024,2025,2026,2027,2028,2029
A32: pcs11 | B32: /pds/pcs/10/yx | C32: =_xlfn.TEXTJOIN(",",TRUE,[2]遥信!$A$2:$A$17)&",65535" -> 1000,1001,1002,1003,1004,1005,1006,1007,1008,1009,1010,1011,1012,1013,1014,1015,65535 | D32: 1
A33: pcs11 | B33: /pds/pcs/10/yc | C33: =_xlfn.TEXTJOIN(",",TRUE,[1]遥测!$A$2:$A$180) -> 1,2,3,4,5,6,7,8,9,10,11,12,13,14,15,16,17,18,19,20,21,22,23,24,25,26,27,28,29,30,31,32,33,34,35,36,40,41,42,43,44,45,46,47,48,49,50,51,52,53,54,55,56,57,58,59,60,61,62,63,64,65,66,67,68,69,70,71 | D33: 1
A34: pcs11 | B34: /pds/pcs/10/yt | C34: =_xlfn.TEXTJOIN(",",TRUE,[1]遥调!$A$2:$A$44) -> 2000,2001,2002,2003,2004,2005,2006,2007,2008,2009,2010,2011,2012,2013,2014,2015,2016,2017,2018,2019,2020,2021,2022,2023,2024,2025,2026,2027,2028,2029
A35: pcs12 | B35: /pds/pcs/11/yx | C35: =_xlfn.TEXTJOIN(",",TRUE,[2]遥信!$A$2:$A$17)&",65535" -> 1000,1001,1002,1003,1004,1005,1006,1007,1008,1009,1010,1011,1012,1013,1014,1015,65535 | D35: 1
A36: pcs12 | B36: /pds/pcs/11/yc | C36: =_xlfn.TEXTJOIN(",",TRUE,[1]遥测!$A$2:$A$180) -> 1,2,3,4,5,6,7,8,9,10,11,12,13,14,15,16,17,18,19,20,21,22,23,24,25,26,27,28,29,30,31,32,33,34,35,36,40,41,42,43,44,45,46,47,48,49,50,51,52,53,54,55,56,57,58,59,60,61,62,63,64,65,66,67,68,69,70,71 | D36: 1
A37: pcs12 | B37: /pds/pcs/11/yt | C37: =_xlfn.TEXTJOIN(",",TRUE,[1]遥调!$A$2:$A$44) -> 2000,2001,2002,2003,2004,2005,2006,2007,2008,2009,2010,2011,2012,2013,2014,2015,2016,2017,2018,2019,2020,2021,2022,2023,2024,2025,2026,2027,2028,2029
