Workbook

Sheet project
A1: key | B1: value | C1: 备注
A2: product_type | B2: TEST_EMS | C2: 项目类型
A3: project | B3: 鸿合EMS测试平台 | C3: 项目名称：
A4: http_ip | B4: 0.0.0.0 | C4: HTTP监听IP
A5: http_port | B5: 9091 | C5: HTTP监听端口
A6: mqtt_host | B6: 127.0.0.1 | C6: MQTT服务器地址
A7: mqtt_port | B7: 1883 | C7: MQTT服务器端口
A8: mqtt_username | B8: root | C8: MQTT用户名
A9: mqtt_password | B9: inpower | C9: MQTT密码
A10: mqtt_yt | B10: /asw/+/+/setyt | C10: MQTT遥调
A11: mqtt_yk | B11: /asw/+/+/setyk | C11: MQTT遥控
A12: north_modbus_host | B12: 0.0.0.0 | C12: 北向Modbus从机IP
A13: north_modbus_port | B13: 9092 | C13: 北向Modbus从机端口
A14: north_modbus_conf | B14: ./config/MODBUS_REGISTERS.xlsx | C14: 北向Modbus配置文件

Sheet devices
A1: no | B1: id | C1: type | D1: desc
A2: 1 | B2: pcs1 | C2: PCS | D2: 1.725MW
A3: 2 | B3: pcs2 | C3: PCS | D3: 1.725MW
A4: 3 | B4: pcs3 | C4: PCS | D4: 1.725MW
A5: 4 | B5: pcs4 | C5: PCS | D5: 1.725MW
A6: 5 | B6: bcu1 | C6: BCU | D6: 鸿合自研
A7: 6 | B7: bcu2 | C7: BCU | D7: 鸿合自研
A8: 7 | B8: bcu3 | C8: BCU | D8: 鸿合自研
A9: 8 | B9: bcu4 | C9: BCU | D9: 鸿合自研
A10: 9 | B10: crd | C10: CRD | D10: 测控柜

Sheet config
A1: no | B1: id | C1: type | D1: comType | E1: registerFile | F1: interval | G1: timeout | H1: ip | I1: port | J1: slave | K1: serialTty | L1: baudRate | M1: dataBits | N1: parity | O1: stopBits | P1: interface | Q1: desc | R1: requestInterval | S1: maxGap
A2: =devices!A2 -> 1 | B2: pcs1 | C2: PCS | D2: ModbusTCP | E2: ./config/PCS_英博_大机.xlsx | F2: 1000 | G2: 1000 | H2: 192.168.0.1 | I2: 502 | J2: 1 | R2: 50
A3: =devices!A3 -> 2 | B3: pcs2 | C3: PCS | D3: ModbusTCP | E3: ./config/PCS_英博_大机.xlsx | F3: 1000 | G3: 1000 | H3: 192.168.0.2 | I3: 502 | J3: 1 | R3: 50
A4: =devices!A4 -> 3 | B4: pcs3 | C4: PCS | D4: ModbusTCP | E4: ./config/PCS_英博_大机.xlsx | F4: 1000 | G4: 1000 | H4: 192.168.0.3 | I4: 502 | J4: 1 | R4: 50
A5: =devices!A5 -> 4 | B5: pcs4 | C5: PCS | D5: ModbusTCP | E5: ./config/PCS_英博_大机.xlsx | F5: 1000 | G5: 1000 | H5: 192.168.0.4 | I5: 502 | J5: 1 | R5: 50
A6: =devices!A6 -> 5 | B6: fire | C6: BCU | D6: ModbusTCP | E6: ./config/BMS_鸿合国轩.xlsx | F6: 1000 | G6: 5000 | H6: 192.168.0.6 | I6: 502 | J6: 1 | S6: 5

Sheet mqtt_routes
A1: device_id | B1: topic | C1: point_ids | D1: enable
A2: pcs1 | B2: /pds/pcs/0/yx | C2: =_xlfn.TEXTJOIN(",",TRUE,[1]遥测!$A$56:$A$71)&",65535" -> 58,59,60,61,62,63,64,65,66,67,68,69,70,71,65535 | D2: 1
A3: pcs1 | B3: /pds/pcs/0/yc | C3: =_xlfn.TEXTJOIN(",",TRUE,[1]遥测!$A$2:$A$55) -> 1,2,3,4,5,6,7,8,9,10,11,12,13,14,15,16,17,18,19,20,21,22,23,24,25,26,27,28,29,30,31,32,33,34,35,36,40,41,42,43,44,45,46,47,48,49,50,51,52,53,54,55,56,57 | D3: 1
A4: pcs1 | B4: /pds/pcs/0/yt | C4: =_xlfn.TEXTJOIN(",",TRUE,[1]遥调!$A$2:$A$31) -> 2000,2001,2002,2003,2004,2005,2006,2007,2008,2009,2010,2011,2012,2013,2014,2015,2016,2017,2018,2019,2020,2021,2022,2023,2024,2025,2026,2027,2028,2029 | D4: 1
A5: pcs2 | B5: /pds/pcs/1/yx | C5: =_xlfn.TEXTJOIN(",",TRUE,[1]遥测!$A$56:$A$71)&",65535" -> 58,59,60,61,62,63,64,65,66,67,68,69,70,71,65535 | D5: 1
A6: pcs2 | B6: /pds/pcs/1/yc | C6: 1,2,3,4,5,6,7,8,9,10,11,12,13,14,15,16,17,18,19,20,21,22,23,24,25,26,27,28,29,30,31,32,33,34,35,36,40,41,42,43,44,45,46,47,48,49,50,51,52,53,54,55,56,57 | D6: 1
A7: pcs2 | B7: /pds/pcs/1/yt | C7: 2000,2001,2002,2003,2004,2005,2006,2007,2008,2009,2010,2011,2012,2013,2014,2015,2016,2017,2018,2019,2020,2021,2022,2023,2024,2025,2026,2027,2028,2029 | D7: 1
A8: pcs3 | B8: /pds/pcs/2/yx | C8: =_xlfn.TEXTJOIN(",",TRUE,[1]遥测!$A$56:$A$71)&",65535" -> 58,59,60,61,62,63,64,65,66,67,68,69,70,71,65535 | D8: 1
A9: pcs3 | B9: /pds/pcs/2/yc | C9: 1,2,3,4,5,6,7,8,9,10,11,12,13,14,15,16,17,18,19,20,21,22,23,24,25,26,27,28,29,30,31,32,33,34,35,36,40,41,42,43,44,45,46,47,48,49,50,51,52,53,54,55,56,57 | D9: 1
A10: pcs3 | B10: /pds/pcs/2/yt | C10: 2000,2001,2002,2003,2004,2005,2006,2007,2008,2009,2010,2011,2012,2013,2014,2015,2016,2017,2018,2019,2020,2021,2022,2023,2024,2025,2026,2027,2028,2029 | D10: 1
A11: pcs4 | B11: /pds/pcs/3/yx | C11: =_xlfn.TEXTJOIN(",",TRUE,[1]遥测!$A$56:$A$71)&",65535" -> 58,59,60,61,62,63,64,65,66,67,68,69,70,71,65535 | D11: 1
A12: pcs4 | B12: /pds/pcs/3/yc | C12: 1,2,3,4,5,6,7,8,9,10,11,12,13,14,15,16,17,18,19,20,21,22,23,24,25,26,27,28,29,30,31,32,33,34,35,36,40,41,42,43,44,45,46,47,48,49,50,51,52,53,54,55,56,57 | D12: 1
A13: pcs4 | B13: /pds/pcs/3/yt | C13: 2000,2001,2002,2003,2004,2005,2006,2007,2008,2009,2010,2011,2012,2013,2014,2015,2016,2017,2018,2019,2020,2021,2022,2023,2024,2025,2026,2027,2028,2029 | D13: 1
A14: bcu1 | B14: /pds/bank/0/yx | C14: =_xlfn.TEXTJOIN(",",TRUE,[3]遥信!$A$2:$A$141,[3]遥测!$A$300:$A$317)&",65535" -> 1000,1001,1002,1003,1004,1005,1006,1007,1008,1009,1010,1011,1012,1013,1014,1015,1016,1017,1018,1019,1020,1021,1022,1023,1024,1025,1026,1027,1028,1029,1030,1031,1032,1033,1034,1035,1036,1037,1038,1039,1040,1041,1042,1043,1044,1045,1046,1047,1048,1049,1050,1051,1052,1053,1054,1055,1056,1057,1058,1059,1060,1061,1062,1063,1064,1065,1066,1067,1068,1069,1070,1071,1072,1073,1074,1075,1076,1077,1078,1079,1080,1081,1082,1083,1084,1085,1086,1087,1088,1089,1090,1091,1092,1093,1094,1095,1096,1097,1098,1099,1100,1101,1102,1103,1104,1105,1106,1107,1108,1109,1110,1111,1112,1113,1114,1115,1116,1117,1118,1119,1120,1121,1122,1123,1124,1125,1126,1127,1128,1129,1130,1131,1132,1133,1134,1135,1136,1137,1138,1139,600,601,602,603,604,605,606,607,608,609,610,611,612,613,614,615,616,617,65535 | D14: 1
A15: bcu1 | B15: /pds/bank/0/yc | C15: =_xlfn.TEXTJOIN(",",TRUE,[3]遥测!$A$2:$A$53) -> 1,2,3,4,5,6,7,8,9,10,11,12,13,14,15,16,17,18,19,20,21,22,23,24,25,26,27,28,29,30,31,32,33,34,35,36,37,38,39,40,41,42,43,44,45,46,47,48,49,50,51,52 | D15: 1
A16: bcu1 | B16: /pds/bank/0/yt | C16: =_xlfn.TEXTJOIN(",",TRUE,[3]遥调!$A$2:$A$20) -> 2000,2001,2002,2003,2004,2005,2006,2007,2008,2009,2010,2011,2012,2013,2014,2015,2016,2017,2018 | D16: 1
A17: bcu2 | B17: /pds/bank/1/yx | C17: =_xlfn.TEXTJOIN(",",TRUE,[3]遥信!$A$2:$A$141,[3]遥测!$A$300:$A$317)&",65535" -> 1000,1001,1002,1003,1004,1005,1006,1007,1008,1009,1010,1011,1012,1013,1014,1015,1016,1017,1018,1019,1020,1021,1022,1023,1024,1025,1026,1027,1028,1029,1030,1031,1032,1033,1034,1035,1036,1037,1038,1039,1040,1041,1042,1043,1044,1045,1046,1047,1048,1049,1050,1051,1052,1053,1054,1055,1056,1057,1058,1059,1060,1061,1062,1063,1064,1065,1066,1067,1068,1069,1070,1071,1072,1073,1074,1075,1076,1077,1078,1079,1080,1081,1082,1083,1084,1085,1086,1087,1088,1089,1090,1091,1092,1093,1094,1095,1096,1097,1098,1099,1100,1101,1102,1103,1104,1105,1106,1107,1108,1109,1110,1111,1112,1113,1114,1115,1116,1117,1118,1119,1120,1121,1122,1123,1124,1125,1126,1127,1128,1129,1130,1131,1132,1133,1134,1135,1136,1137,1138,1139,600,601,602,603,604,605,606,607,608,609,610,611,612,613,614,615,616,617,65535 | D17: 1
A18: bcu2 | B18: /pds/bank/1/yc | C18: =_xlfn.TEXTJOIN(",",TRUE,[3]遥测!$A$2:$A$53) -> 1,2,3,4,5,6,7,8,9,10,11,12,13,14,15,16,17,18,19,20,21,22,23,24,25,26,27,28,29,30,31,32,33,34,35,36,37,38,39,40,41,42,43,44,45,46,47,48,49,50,51,52 | D18: 1
A19: bcu2 | B19: /pds/bank/1/yt | C19: =_xlfn.TEXTJOIN(",",TRUE,[3]遥调!$A$2:$A$20) -> 2000,2001,2002,2003,2004,2005,2006,2007,2008,2009,2010,2011,2012,2013,2014,2015,2016,2017,2018 | D19: 1
A20: bcu3 | B20: /pds/bank/2/yx | C20: =_xlfn.TEXTJOIN(",",TRUE,[3]遥信!$A$2:$A$141,[3]遥测!$A$300:$A$317)&",65535" -> 1000,1001,1002,1003,1004,1005,1006,1007,1008,1009,1010,1011,1012,1013,1014,1015,1016,1017,1018,1019,1020,1021,1022,1023,1024,1025,1026,1027,1028,1029,1030,1031,1032,1033,1034,1035,1036,1037,1038,1039,1040,1041,1042,1043,1044,1045,1046,1047,1048,1049,1050,1051,1052,1053,1054,1055,1056,1057,1058,1059,1060,1061,1062,1063,1064,1065,1066,1067,1068,1069,1070,1071,1072,1073,1074,1075,1076,1077,1078,1079,1080,1081,1082,1083,1084,1085,1086,1087,1088,1089,1090,1091,1092,1093,1094,1095,1096,1097,1098,1099,1100,1101,1102,1103,1104,1105,1106,1107,1108,1109,1110,1111,1112,1113,1114,1115,1116,1117,1118,1119,1120,1121,1122,1123,1124,1125,1126,1127,1128,1129,1130,1131,1132,1133,1134,1135,1136,1137,1138,1139,600,601,602,603,604,605,606,607,608,609,610,611,612,613,614,615,616,617,65535 | D20: 1
A21: bcu3 | B21: /pds/bank/2/yc | C21: 1,2,3,4,5,6,7,8,9,10,11,12,13,14,15,16,17,18,19,20,21,22,23,24,25,26,27,28,29,30,31,32,33,34,35,36,37,38,39,40,41,42,43,44,45,46,47,48,49,50,51,52 | D21: 1
A22: bcu3 | B22: /pds/bank/2/yt | C22: 2000,2001,2002,2003,2004,2005,2006,2007,2008,2009,2010,2011,2012,2013,2014,2015,2016,2017,2018 | D22: 1
A23: bcu4 | B23: /pds/bank/3/yx | C23: =_xlfn.TEXTJOIN(",",TRUE,[3]遥信!$A$2:$A$141,[3]遥测!$A$300:$A$317)&",65535" -> 1000,1001,1002,1003,1004,1005,1006,1007,1008,1009,1010,1011,1012,1013,1014,1015,1016,1017,1018,1019,1020,1021,1022,1023,1024,1025,1026,1027,1028,1029,1030,1031,1032,1033,1034,1035,1036,1037,1038,1039,1040,1041,1042,1043,1044,1045,1046,1047,1048,1049,1050,1051,1052,1053,1054,1055,1056,1057,1058,1059,1060,1061,1062,1063,1064,1065,1066,1067,1068,1069,1070,1071,1072,1073,1074,1075,1076,1077,1078,1079,1080,1081,1082,1083,1084,1085,1086,1087,1088,1089,1090,1091,1092,1093,1094,1095,1096,1097,1098,1099,1100,1101,1102,1103,1104,1105,1106,1107,1108,1109,1110,1111,1112,1113,1114,1115,1116,1117,1118,1119,1120,1121,1122,1123,1124,1125,1126,1127,1128,1129,1130,1131,1132,1133,1134,1135,1136,1137,1138,1139,600,601,602,603,604,605,606,607,608,609,610,611,612,613,614,615,616,617,65535 | D23: 1
A24: bcu4 | B24: /pds/bank/3/yc | C24: 1,2,3,4,5,6,7,8,9,10,11,12,13,14,15,16,17,18,19,20,21,22,23,24,25,26,27,28,29,30,31,32,33,34,35,36,37,38,39,40,41,42,43,44,45,46,47,48,49,50,51,52 | D24: 1
A25: bcu4 | B25: /pds/bank/3/yt | C25: 2000,2001,2002,2003,2004,2005,2006,2007,2008,2009,2010,2011,2012,2013,2014,2015,2016,2017,2018 | D25: 1
A26: bcu1 | B26: /pds/bank/0/rack/0/yc | C26: =_xlfn.TEXTJOIN(",",TRUE,[3]遥测!$A$54:$A$92) -> 100,101,102,103,104,105,106,107,108,109,110,111,112,113,114,115,116,117,118,119,120,121,122,123,124,125,126,127,128,129,130,131,132,133,134,135,136,137,138 | D26: 1
A27: bcu1 | B27: /pds/bank/0/rack/1/yc | C27: =_xlfn.TEXTJOIN(",",TRUE,[3]遥测!$A$93:$A$131) -> 139,140,141,142,143,144,145,146,147,148,149,150,151,152,153,154,155,156,157,158,159,160,161,162,163,164,165,166,167,168,169,170,171,172,173,174,175,176,177 | D27: 1
A28: bcu1 | B28: /pds/bank/0/rack/2/yc | C28: =_xlfn.TEXTJOIN(",",TRUE,[3]遥测!$A$132:$A$170) -> 178,179,180,181,182,183,184,185,186,187,188,189,190,191,192,193,194,195,196,197,198,199,200,201,202,203,204,205,206,207,208,209,210,211,212,213,214,215,216 | D28: 1
A29: bcu1 | B29: /pds/bank/0/rack/3/yc | C29: =_xlfn.TEXTJOIN(",",TRUE,[3]遥测!$A$171:$A$209) -> 217,218,219,220,221,222,223,224,225,226,227,228,229,230,231,232,233,234,235,236,237,238,239,240,241,242,243,244,245,246,247,248,249,250,251,252,253,254,255 | D29: 1
A30: bcu1 | B30: /pds/bank/0/rack/4/yc | C30: =_xlfn.TEXTJOIN(",",TRUE,[3]遥测!$A$210:$A$248) -> 256,257,258,259,260,261,262,263,264,265,266,267,268,269,270,271,272,273,274,275,276,277,278,279,280,281,282,283,284,285,286,287,288,289,290,291,292,293,294 | D30: 1
A31: bcu1 | B31: /pds/bank/0/rack/5/yc | C31: =_xlfn.TEXTJOIN(",",TRUE,[3]遥测!$A$249:$A$287) -> 295,296,297,298,299,300,301,302,303,304,305,306,307,308,309,310,311,312,313,314,315,316,317,318,319,320,321,322,323,324,325,326,327,328,329,330,331,332,333 | D31: 1
A32: bcu2 | B32: /pds/bank/1/rack/0/yc | C32: 100,101,102,103,104,105,106,107,108,109,110,111,112,113,114,115,116,117,118,119,120,121,122,123,124,125,126,127,128,129,130,131,132,133,134,135,136,137,138 | D32: 1
A33: bcu2 | B33: /pds/bank/1/rack/1/yc | C33: 139,140,141,142,143,144,145,146,147,148,149,150,151,152,153,154,155,156,157,158,159,160,161,162,163,164,165,166,167,168,169,170,171,172,173,174,175,176,177 | D33: 1
A34: bcu2 | B34: /pds/bank/1/rack/2/yc | C34: 178,179,180,181,182,183,184,185,186,187,188,189,190,191,192,193,194,195,196,197,198,199,200,201,202,203,204,205,206,207,208,209,210,211,212,213,214,215,216 | D34: 1
A35: bcu2 | B35: /pds/bank/1/rack/3/yc | C35: 217,218,219,220,221,222,223,224,225,226,227,228,229,230,231,232,233,234,235,236,237,238,239,240,241,242,243,244,245,246,247,248,249,250,251,252,253,254,255 | D35: 1
A36: bcu2 | B36: /pds/bank/1/rack/4/yc | C36: 256,257,258,259,260,261,262,263,264,265,266,267,268,269,270,271,272,273,274,275,276,277,278,279,280,281,282,283,284,285,286,287,288,289,290,291,292,293,294 | D36: 1
A37: bcu2 | B37: /pds/bank/1/rack/5/yc | C37: 295,296,297,298,299,300,301,302,303,304,305,306,307,308,309,310,311,312,313,314,315,316,317,318,319,320,321,322,323,324,325,326,327,328,329,330,331,332,333 | D37: 1
A38: bcu3 | B38: /pds/bank/2/rack/0/yc | C38: =_xlfn.TEXTJOIN(",",TRUE,[3]遥测!$A$54:$A$92) -> 100,101,102,103,104,105,106,107,108,109,110,111,112,113,114,115,116,117,118,119,120,121,122,123,124,125,126,127,128,129,130,131,132,133,134,135,136,137,138 | D38: 1
A39: bcu3 | B39: /pds/bank/2/rack/1/yc | C39: =_xlfn.TEXTJOIN(",",TRUE,[3]遥测!$A$93:$A$131) -> 139,140,141,142,143,144,145,146,147,148,149,150,151,152,153,154,155,156,157,158,159,160,161,162,163,164,165,166,167,168,169,170,171,172,173,174,175,176,177 | D39: 1
A40: bcu3 | B40: /pds/bank/2/rack/2/yc | C40: =_xlfn.TEXTJOIN(",",TRUE,[3]遥测!$A$132:$A$170) -> 178,179,180,181,182,183,184,185,186,187,188,189,190,191,192,193,194,195,196,197,198,199,200,201,202,203,204,205,206,207,208,209,210,211,212,213,214,215,216 | D40: 1
A41: bcu3 | B41: /pds/bank/2/rack/3/yc | C41: =_xlfn.TEXTJOIN(",",TRUE,[3]遥测!$A$171:$A$209) -> 217,218,219,220,221,222,223,224,225,226,227,228,229,230,231,232,233,234,235,236,237,238,239,240,241,242,243,244,245,246,247,248,249,250,251,252,253,254,255 | D41: 1
A42: bcu3 | B42: /pds/bank/2/rack/4/yc | C42: =_xlfn.TEXTJOIN(",",TRUE,[3]遥测!$A$210:$A$248) -> 256,257,258,259,260,261,262,263,264,265,266,267,268,269,270,271,272,273,274,275,276,277,278,279,280,281,282,283,284,285,286,287,288,289,290,291,292,293,294 | D42: 1
A43: bcu3 | B43: /pds/bank/2/rack/5/yc | C43: =_xlfn.TEXTJOIN(",",TRUE,[3]遥测!$A$249:$A$287) -> 295,296,297,298,299,300,301,302,303,304,305,306,307,308,309,310,311,312,313,314,315,316,317,318,319,320,321,322,323,324,325,326,327,328,329,330,331,332,333 | D43: 1
A44: bcu4 | B44: /pds/bank/3/rack/0/yc | C44: 100,101,102,103,104,105,106,107,108,109,110,111,112,113,114,115,116,117,118,119,120,121,122,123,124,125,126,127,128,129,130,131,132,133,134,135,136,137,138 | D44: 1
A45: bcu4 | B45: /pds/bank/3/rack/1/yc | C45: 139,140,141,142,143,144,145,146,147,148,149,150,151,152,153,154,155,156,157,158,159,160,161,162,163,164,165,166,167,168,169,170,171,172,173,174,175,176,177 | D45: 1
A46: bcu4 | B46: /pds/bank/3/rack/2/yc | C46: 178,179,180,181,182,183,184,185,186,187,188,189,190,191,192,193,194,195,196,197,198,199,200,201,202,203,204,205,206,207,208,209,210,211,212,213,214,215,216 | D46: 1
A47: bcu4 | B47: /pds/bank/3/rack/3/yc | C47: 217,218,219,220,221,222,223,224,225,226,227,228,229,230,231,232,233,234,235,236,237,238,239,240,241,242,243,244,245,246,247,248,249,250,251,252,253,254,255 | D47: 1
A48: bcu4 | B48: /pds/bank/3/rack/4/yc | C48: 256,257,258,259,260,261,262,263,264,265,266,267,268,269,270,271,272,273,274,275,276,277,278,279,280,281,282,283,284,285,286,287,288,289,290,291,292,293,294 | D48: 1
A49: bcu4 | B49: /pds/bank/3/rack/5/yc | C49: 295,296,297,298,299,300,301,302,303,304,305,306,307,308,309,310,311,312,313,314,315,316,317,318,319,320,321,322,323,324,325,326,327,328,329,330,331,332,333 | D49: 1
A50: bcu1 | B50: /pds/bank/0/cell/0/yc | C50: 500,506 | D50: 1
A51: bcu1 | B51: /pds/bank/0/cell/1/yc | C51: 501,507 | D51: 1
A52: bcu1 | B52: /pds/bank/0/cell/2/yc | C52: 502,508 | D52: 1
A53: bcu1 | B53: /pds/bank/0/cell/3/yc | C53: 503,509 | D53: 1
A54: bcu1 | B54: /pds/bank/0/cell/4/yc | C54: 504,510 | D54: 1
A55: bcu1 | B55: /pds/bank/0/cell/5/yc | C55: 505,511 | D55: 1
... A73: bcu4 | B73: /pds/bank/3/cell/5/yc | C73: 505,511 | D73: 1
A74: bcu1 | B74: /pds/bank/0/rack/0/yx | C74: =_xlfn.TEXTJOIN(",",TRUE,[3]遥信!$A$142:$A$256) -> 1200,1201,1202,1203,1204,1205,1206,1207,1208,1209,1210,1211,1212,1213,1214,1215,1216,1217,1218,1219,1220,1221,1222,1223,1224,1225,1226,1227,1228,1229,1230,1231,1232,1233,1234,1235,1236,1237,1238,1239,1240,1241,1242,1243,1244,1245,1246,1247,1248,1249,1250,1251,1252,1253,1254,1255,1256,1257,1258,1259,1260,1261,1262,1263,1264,1265,1266,1267,1268,1269,1270,1271,1272,1273,1274,1275,1276,1277,1278,1279,1280,1281,1282,1283,1284,1285,1286,1287,1288,1289,1290,1291,1292,1293,1294,1295,1296,1297,1298,1299,1300,1301,1302,1303,1304,1305,1306,1307,1308,1309,1310,1311,1312,1313,1314 | D74: 1
A75: bcu1 | B75: /pds/bank/0/rack/1/yx | C75: =_xlfn.TEXTJOIN(",",TRUE,[3]遥信!$A$257:$A$371) -> 1315,1316,1317,1318,1319,1320,1321,1322,1323,1324,1325,1326,1327,1328,1329,1330,1331,1332,1333,1334,1335,1336,1337,1338,1339,1340,1341,1342,1343,1344,1345,1346,1347,1348,1349,1350,1351,1352,1353,1354,1355,1356,1357,1358,1359,1360,1361,1362,1363,1364,1365,1366,1367,1368,1369,1370,1371,1372,1373,1374,1375,1376,1377,1378,1379,1380,1381,1382,1383,1384,1385,1386,1387,1388,1389,1390,1391,1392,1393,1394,1395,1396,1397,1398,1399,1400,1401,1402,1403,1404,1405,1406,1407,1408,1409,1410,1411,1412,1413,1414,1415,1416,1417,1418,1419,1420,1421,1422,1423,1424,1425,1426,1427,1428,1429 | D75: 1
A76: bcu1 | B76: /pds/bank/0/rack/2/yx | C76: =_xlfn.TEXTJOIN(",",TRUE,[3]遥信!$A$372:$A$486) -> 1430,1431,1432,1433,1434,1435,1436,1437,1438,1439,1440,1441,1442,1443,1444,1445,1446,1447,1448,1449,1450,1451,1452,1453,1454,1455,1456,1457,1458,1459,1460,1461,1462,1463,1464,1465,1466,1467,1468,1469,1470,1471,1472,1473,1474,1475,1476,1477,1478,1479,1480,1481,1482,1483,1484,1485,1486,1487,1488,1489,1490,1491,1492,1493,1494,1495,1496,1497,1498,1499,1500,1501,1502,1503,1504,1505,1506,1507,1508,1509,1510,1511,1512,1513,1514,1515,1516,1517,1518,1519,1520,1521,1522,1523,1524,1525,1526,1527,1528,1529,1530,1531,1532,1533,1534,1535,1536,1537,1538,1539,1540,1541,1542,1543,1544 | D76: 1
A77: bcu1 | B77: /pds/bank/0/rack/3/yx | C77: =_xlfn.TEXTJOIN(",",TRUE,[3]遥信!$A$487:$A$601) -> 1545,1546,1547,1548,1549,1550,1551,1552,1553,1554,1555,1556,1557,1558,1559,1560,1561,1562,1563,1564,1565,1566,1567,1568,1569,1570,1571,1572,1573,1574,1575,1576,1577,1578,1579,1580,1581,1582,1583,1584,1585,1586,1587,1588,1589,1590,1591,1592,1593,1594,1595,1596,1597,1598,1599,1600,1601,1602,1603,1604,1605,1606,1607,1608,1609,1610,1611,1612,1613,1614,1615,1616,1617,1618,1619,1620,1621,1622,1623,1624,1625,1626,1627,1628,1629,1630,1631,1632,1633,1634,1635,1636,1637,1638,1639,1640,1641,1642,1643,1644,1645,1646,1647,1648,1649,1650,1651,1652,1653,1654,1655,1656,1657,1658,1659 | D77: 1
A78: bcu1 | B78: /pds/bank/0/rack/4/yx | C78: =_xlfn.TEXTJOIN(",",TRUE,[3]遥信!$A$602:$A$716) -> 1660,1661,1662,1663,1664,1665,1666,1667,1668,1669,1670,1671,1672,1673,1674,1675,1676,1677,1678,1679,1680,1681,1682,1683,1684,1685,1686,1687,1688,1689,1690,1691,1692,1693,1694,1695,1696,1697,1698,1699,1700,1701,1702,1703,1704,1705,1706,1707,1708,1709,1710,1711,1712,1713,1714,1715,1716,1717,1718,1719,1720,1721,1722,1723,1724,1725,1726,1727,1728,1729,1730,1731,1732,1733,1734,1735,1736,1737,1738,1739,1740,1741,1742,1743,1744,1745,1746,1747,1748,1749,1750,1751,1752,1753,1754,1755,1756,1757,1758,1759,1760,1761,1762,1763,1764,1765,1766,1767,1768,1769,1770,1771,1772,1773,1774 | D78: 1
A79: bcu1 | B79: /pds/bank/0/rack/5/yx | C79: =_xlfn.TEXTJOIN(",",TRUE,[3]遥信!$A$717:$A$831) -> 1775,1776,1777,1778,1779,1780,1781,1782,1783,1784,1785,1786,1787,1788,1789,1790,1791,1792,1793,1794,1795,1796,1797,1798,1799,1800,1801,1802,1803,1804,1805,1806,1807,1808,1809,1810,1811,1812,1813,1814,1815,1816,1817,1818,1819,1820,1821,1822,1823,1824,1825,1826,1827,1828,1829,1830,1831,1832,1833,1834,1835,1836,1837,1838,1839,1840,1841,1842,1843,1844,1845,1846,1847,1848,1849,1850,1851,1852,1853,1854,1855,1856,1857,1858,1859,1860,1861,1862,1863,1864,1865,1866,1867,1868,1869,1870,1871,1872,1873,1874,1875,1876,1877,1878,1879,1880,1881,1882,1883,1884,1885,1886,1887,1888,1889 | D79: 1
A80: bcu2 | B80: /pds/bank/1/rack/0/yx | C80: =_xlfn.TEXTJOIN(",",TRUE,[3]遥信!$A$142:$A$256) -> 1200,1201,1202,1203,1204,1205,1206,1207,1208,1209,1210,1211,1212,1213,1214,1215,1216,1217,1218,1219,1220,1221,1222,1223,1224,1225,1226,1227,1228,1229,1230,1231,1232,1233,1234,1235,1236,1237,1238,1239,1240,1241,1242,1243,1244,1245,1246,1247,1248,1249,1250,1251,1252,1253,1254,1255,1256,1257,1258,1259,1260,1261,1262,1263,1264,1265,1266,1267,1268,1269,1270,1271,1272,1273,1274,1275,1276,1277,1278,1279,1280,1281,1282,1283,1284,1285,1286,1287,1288,1289,1290,1291,1292,1293,1294,1295,1296,1297,1298,1299,1300,1301,1302,1303,1304,1305,1306,1307,1308,1309,1310,1311,1312,1313,1314 | D80: 1
A81: bcu2 | B81: /pds/bank/1/rack/1/yx | C81: =_xlfn.TEXTJOIN(",",TRUE,[3]遥信!$A$257:$A$371) -> 1315,1316,1317,1318,1319,1320,1321,1322,1323,1324,1325,1326,1327,1328,1329,1330,1331,1332,1333,1334,1335,1336,1337,1338,1339,1340,1341,1342,1343,1344,1345,1346,1347,1348,1349,1350,1351,1352,1353,1354,1355,1356,1357,1358,1359,1360,1361,1362,1363,1364,1365,1366,1367,1368,1369,1370,1371,1372,1373,1374,1375,1376,1377,1378,1379,1380,1381,1382,1383,1384,1385,1386,1387,1388,1389,1390,1391,1392,1393,1394,1395,1396,1397,1398,1399,1400,1401,1402,1403,1404,1405,1406,1407,1408,1409,1410,1411,1412,1413,1414,1415,1416,1417,1418,1419,1420,1421,1422,1423,1424,1425,1426,1427,1428,1429 | D81: 1
A82: bcu2 | B82: /pds/bank/1/rack/2/yx | C82: =_xlfn.TEXTJOIN(",",TRUE,[3]遥信!$A$372:$A$486) -> 1430,1431,1432,1433,1434,1435,1436,1437,1438,1439,1440,1441,1442,1443,1444,1445,1446,1447,1448,1449,1450,1451,1452,1453,1454,1455,1456,1457,1458,1459,1460,1461,1462,1463,1464,1465,1466,1467,1468,1469,1470,1471,1472,1473,1474,1475,1476,1477,1478,1479,1480,1481,1482,1483,1484,1485,1486,1487,1488,1489,1490,1491,1492,1493,1494,1495,1496,1497,1498,1499,1500,1501,1502,1503,1504,1505,1506,1507,1508,1509,1510,1511,1512,1513,1514,1515,1516,1517,1518,1519,1520,1521,1522,1523,1524,1525,1526,1527,1528,1529,1530,1531,1532,1533,1534,1535,1536,1537,1538,1539,1540,1541,1542,1543,1544 | D82: 1
A83: bcu2 | B83: /pds/bank/1/rack/3/yx | C83: =_xlfn.TEXTJOIN(",",TRUE,[3]遥信!$A$487:$A$601) -> 1545,1546,1547,1548,1549,1550,1551,1552,1553,1554,1555,1556,1557,1558,1559,1560,1561,1562,1563,1564,1565,1566,1567,1568,1569,1570,1571,1572,1573,1574,1575,1576,1577,1578,1579,1580,1581,1582,1583,1584,1585,1586,1587,1588,1589,1590,1591,1592,1593,1594,1595,1596,1597,1598,1599,1600,1601,1602,1603,1604,1605,1606,1607,1608,1609,1610,1611,1612,1613,1614,1615,1616,1617,1618,1619,1620,1621,1622,1623,1624,1625,1626,1627,1628,1629,1630,1631,1632,1633,1634,1635,1636,1637,1638,1639,1640,1641,1642,1643,1644,1645,1646,1647,1648,1649,1650,1651,1652,1653,1654,1655,1656,1657,1658,1659 | D83: 1
A84: bcu2 | B84: /pds/bank/1/rack/4/yx | C84: =_xlfn.TEXTJOIN(",",TRUE,[3]遥信!$A$602:$A$716) -> 1660,1661,1662,1663,1664,1665,1666,1667,1668,1669,1670,1671,1672,1673,1674,1675,1676,1677,1678,1679,1680,1681,1682,1683,1684,1685,1686,1687,1688,1689,1690,1691,1692,1693,1694,1695,1696,1697,1698,1699,1700,1701,1702,1703,1704,1705,1706,1707,1708,1709,1710,1711,1712,1713,1714,1715,1716,1717,1718,1719,1720,1721,1722,1723,1724,1725,1726,1727,1728,1729,1730,1731,1732,1733,1734,1735,1736,1737,1738,1739,1740,1741,1742,1743,1744,1745,1746,1747,1748,1749,1750,1751,1752,1753,1754,1755,1756,1757,1758,1759,1760,1761,1762,1763,1764,1765,1766,1767,1768,1769,1770,1771,1772,1773,1774 | D84: 1
A85: bcu2 | B85: /pds/bank/1/rack/5/yx | C85: =_xlfn.TEXTJOIN(",",TRUE,[3]遥信!$A$717:$A$831) -> 1775,1776,1777,1778,1779,1780,1781,1782,1783,1784,1785,1786,1787,1788,1789,1790,1791,1792,1793,1794,1795,1796,1797,1798,1799,1800,1801,1802,1803,1804,1805,1806,1807,1808,1809,1810,1811,1812,1813,1814,1815,1816,1817,1818,1819,1820,1821,1822,1823,1824,1825,1826,1827,1828,1829,1830,1831,1832,1833,1834,1835,1836,1837,1838,1839,1840,1841,1842,1843,1844,1845,1846,1847,1848,1849,1850,1851,1852,1853,1854,1855,1856,1857,1858,1859,1860,1861,1862,1863,1864,1865,1866,1867,1868,1869,1870,1871,1872,1873,1874,1875,1876,1877,1878,1879,1880,1881,1882,1883,1884,1885,1886,1887,1888,1889 | D85: 1
A86: bcu3 | B86: /pds/bank/2/rack/0/yx | C86: =_xlfn.TEXTJOIN(",",TRUE,[3]遥信!$A$142:$A$256) -> 1200,1201,1202,1203,1204,1205,1206,1207,1208,1209,1210,1211,1212,1213,1214,1215,1216,1217,1218,1219,1220,1221,1222,1223,1224,1225,1226,1227,1228,1229,1230,1231,1232,1233,1234,1235,1236,1237,1238,1239,1240,1241,1242,1243,1244,1245,1246,1247,1248,1249,1250,1251,1252,1253,1254,1255,1256,1257,1258,1259,1260,1261,1262,1263,1264,1265,1266,1267,1268,1269,1270,1271,1272,1273,1274,1275,1276,1277,1278,1279,1280,1281,1282,1283,1284,1285,1286,1287,1288,1289,1290,1291,1292,1293,1294,1295,1296,1297,1298,1299,1300,1301,1302,1303,1304,1305,1306,1307,1308,1309,1310,1311,1312,1313,1314 | D86: 1
A87: bcu3 | B87: /pds/bank/2/rack/1/yx | C87: =_xlfn.TEXTJOIN(",",TRUE,[3]遥信!$A$257:$A$371) -> 1315,1316,1317,1318,1319,1320,1321,1322,1323,1324,1325,1326,1327,1328,1329,1330,1331,1332,1333,1334,1335,1336,1337,1338,1339,1340,1341,1342,1343,1344,1345,1346,1347,1348,1349,1350,1351,1352,1353,1354,1355,1356,1357,1358,1359,1360,1361,1362,1363,1364,1365,1366,1367,1368,1369,1370,1371,1372,1373,1374,1375,1376,1377,1378,1379,1380,1381,1382,1383,1384,1385,1386,1387,1388,1389,1390,1391,1392,1393,1394,1395,1396,1397,1398,1399,1400,1401,1402,1403,1404,1405,1406,1407,1408,1409,1410,1411,1412,1413,1414,1415,1416,1417,1418,1419,1420,1421,1422,1423,1424,1425,1426,1427,1428,1429 | D87: 1
A88: bcu3 | B88: /pds/bank/2/rack/2/yx | C88: =_xlfn.TEXTJOIN(",",TRUE,[3]遥信!$A$372:$A$486) -> 1430,1431,1432,1433,1434,1435,1436,1437,1438,1439,1440,1441,1442,1443,1444,1445,1446,1447,1448,1449,1450,1451,1452,1453,1454,1455,1456,1457,1458,1459,1460,1461,1462,1463,1464,1465,1466,1467,1468,1469,1470,1471,1472,1473,1474,1475,1476,1477,1478,1479,1480,1481,1482,1483,1484,1485,1486,1487,1488,1489,1490,1491,1492,1493,1494,1495,1496,1497,1498,1499,1500,1501,1502,1503,1504,1505,1506,1507,1508,1509,1510,1511,1512,1513,1514,1515,1516,1517,1518,1519,1520,1521,1522,1523,1524,1525,1526,1527,1528,1529,1530,1531,1532,1533,1534,1535,1536,1537,1538,1539,1540,1541,1542,1543,1544 | D88: 1
A89: bcu3 | B89: /pds/bank/2/rack/3/yx | C89: =_xlfn.TEXTJOIN(",",TRUE,[3]遥信!$A$487:$A$601) -> 1545,1546,1547,1548,1549,1550,1551,1552,1553,1554,1555,1556,1557,1558,1559,1560,1561,1562,1563,1564,1565,1566,1567,1568,1569,1570,1571,1572,1573,1574,1575,1576,1577,1578,1579,1580,1581,1582,1583,1584,1585,1586,1587,1588,1589,1590,1591,1592,1593,1594,1595,1596,1597,1598,1599,1600,1601,1602,1603,1604,1605,1606,1607,1608,1609,1610,1611,1612,1613,1614,1615,1616,1617,1618,1619,1620,1621,1622,1623,1624,1625,1626,1627,1628,1629,1630,1631,1632,1633,1634,1635,1636,1637,1638,1639,1640,1641,1642,1643,1644,1645,1646,1647,1648,1649,1650,1651,1652,1653,1654,1655,1656,1657,1658,1659 | D89: 1
A90: bcu3 | B90: /pds/bank/2/rack/4/yx | C90: =_xlfn.TEXTJOIN(",",TRUE,[3]遥信!$A$602:$A$716) -> 1660,1661,1662,1663,1664,1665,1666,1667,1668,1669,1670,1671,1672,1673,1674,1675,1676,1677,1678,1679,1680,1681,1682,1683,1684,1685,1686,1687,1688,1689,1690,1691,1692,1693,1694,1695,1696,1697,1698,1699,1700,1701,1702,1703,1704,1705,1706,1707,1708,1709,1710,1711,1712,1713,1714,1715,1716,1717,1718,1719,1720,1721,1722,1723,1724,1725,1726,1727,1728,1729,1730,1731,1732,1733,1734,1735,1736,1737,1738,1739,1740,1741,1742,1743,1744,1745,1746,1747,1748,1749,1750,1751,1752,1753,1754,1755,1756,1757,1758,1759,1760,1761,1762,1763,1764,1765,1766,1767,1768,1769,1770,1771,1772,1773,1774 | D90: 1
A91: bcu3 | B91: /pds/bank/2/rack/5/yx | C91: =_xlfn.TEXTJOIN(",",TRUE,[3]遥信!$A$717:$A$831) -> 1775,1776,1777,1778,1779,1780,1781,1782,1783,1784,1785,1786,1787,1788,1789,1790,1791,1792,1793,1794,1795,1796,1797,1798,1799,1800,1801,1802,1803,1804,1805,1806,1807,1808,1809,1810,1811,1812,1813,1814,1815,1816,1817,1818,1819,1820,1821,1822,1823,1824,1825,1826,1827,1828,1829,1830,1831,1832,1833,1834,1835,1836,1837,1838,1839,1840,1841,1842,1843,1844,1845,1846,1847,1848,1849,1850,1851,1852,1853,1854,1855,1856,1857,1858,1859,1860,1861,1862,1863,1864,1865,1866,1867,1868,1869,1870,1871,1872,1873,1874,1875,1876,1877,1878,1879,1880,1881,1882,1883,1884,1885,1886,1887,1888,1889 | D91: 1
A92: bcu4 | B92: /pds/bank/3/rack/0/yx | C92: =_xlfn.TEXTJOIN(",",TRUE,[3]遥信!$A$142:$A$256) -> 1200,1201,1202,1203,1204,1205,1206,1207,1208,1209,1210,1211,1212,1213,1214,1215,1216,1217,1218,1219,1220,1221,1222,1223,1224,1225,1226,1227,1228,1229,1230,1231,1232,1233,1234,1235,1236,1237,1238,1239,1240,1241,1242,1243,1244,1245,1246,1247,1248,1249,1250,1251,1252,1253,1254,1255,1256,1257,1258,1259,1260,1261,1262,1263,1264,1265,1266,1267,1268,1269,1270,1271,1272,1273,1274,1275,1276,1277,1278,1279,1280,1281,1282,1283,1284,1285,1286,1287,1288,1289,1290,1291,1292,1293,1294,1295,1296,1297,1298,1299,1300,1301,1302,1303,1304,1305,1306,1307,1308,1309,1310,1311,1312,1313,1314 | D92: 1
A93: bcu4 | B93: /pds/bank/3/rack/1/yx | C93: =_xlfn.TEXTJOIN(",",TRUE,[3]遥信!$A$257:$A$371) -> 1315,1316,1317,1318,1319,1320,1321,1322,1323,1324,1325,1326,1327,1328,1329,1330,1331,1332,1333,1334,1335,1336,1337,1338,1339,1340,1341,1342,1343,1344,1345,1346,1347,1348,1349,1350,1351,1352,1353,1354,1355,1356,1357,1358,1359,1360,1361,1362,1363,1364,1365,1366,1367,1368,1369,1370,1371,1372,1373,1374,1375,1376,1377,1378,1379,1380,1381,1382,1383,1384,1385,1386,1387,1388,1389,1390,1391,1392,1393,1394,1395,1396,1397,1398,1399,1400,1401,1402,1403,1404,1405,1406,1407,1408,1409,1410,1411,1412,1413,1414,1415,1416,1417,1418,1419,1420,1421,1422,1423,1424,1425,1426,1427,1428,1429 | D93: 1
A94: bcu4 | B94: /pds/bank/3/rack/2/yx | C94: =_xlfn.TEXTJOIN(",",TRUE,[3]遥信!$A$372:$A$486) -> 1430,1431,1432,1433,1434,1435,1436,1437,1438,1439,1440,1441,1442,1443,1444,1445,1446,1447,1448,1449,1450,1451,1452,1453,1454,1455,1456,1457,1458,1459,1460,1461,1462,1463,1464,1465,1466,1467,1468,1469,1470,1471,1472,1473,1474,1475,1476,1477,1478,1479,1480,1481,1482,1483,1484,1485,1486,1487,1488,1489,1490,1491,1492,1493,1494,1495,1496,1497,1498,1499,1500,1501,1502,1503,1504,1505,1506,1507,1508,1509,1510,1511,1512,1513,1514,1515,1516,1517,1518,1519,1520,1521,1522,1523,1524,1525,1526,1527,1528,1529,1530,1531,1532,1533,1534,1535,1536,1537,1538,1539,1540,1541,1542,1543,1544 | D94: 1
A95: bcu4 | B95: /pds/bank/3/rack/3/yx | C95: =_xlfn.TEXTJOIN(",",TRUE,[3]遥信!$A$487:$A$601) -> 1545,1546,1547,1548,1549,1550,1551,1552,1553,1554,1555,1556,1557,1558,1559,1560,1561,1562,1563,1564,1565,1566,1567,1568,1569,1570,1571,1572,1573,1574,1575,1576,1577,1578,1579,1580,1581,1582,1583,1584,1585,1586,1587,1588,1589,1590,1591,1592,1593,1594,1595,1596,1597,1598,1599,1600,1601,1602,1603,1604,1605,1606,1607,1608,1609,1610,1611,1612,1613,1614,1615,1616,1617,1618,1619,1620,1621,1622,1623,1624,1625,1626,1627,1628,1629,1630,1631,1632,1633,1634,1635,1636,1637,1638,1639,1640,1641,1642,1643,1644,1645,1646,1647,1648,1649,1650,1651,1652,1653,1654,1655,1656,1657,1658,1659 | D95: 1
A96: bcu4 | B96: /pds/bank/3/rack/4/yx | C96: =_xlfn.TEXTJOIN(",",TRUE,[3]遥信!$A$602:$A$716) -> 1660,1661,1662,1663,1664,1665,1666,1667,1668,1669,1670,1671,1672,1673,1674,1675,1676,1677,1678,1679,1680,1681,1682,1683,1684,1685,1686,1687,1688,1689,1690,1691,1692,1693,1694,1695,1696,1697,1698,1699,1700,1701,1702,1703,1704,1705,1706,1707,1708,1709,1710,1711,1712,1713,1714,1715,1716,1717,1718,1719,1720,1721,1722,1723,1724,1725,1726,1727,1728,1729,1730,1731,1732,1733,1734,1735,1736,1737,1738,1739,1740,1741,1742,1743,1744,1745,1746,1747,1748,1749,1750,1751,1752,1753,1754,1755,1756,1757,1758,1759,1760,1761,1762,1763,1764,1765,1766,1767,1768,1769,1770,1771,1772,1773,1774 | D96: 1
A97: bcu4 | B97: /pds/bank/3/rack/5/yx | C97: =_xlfn.TEXTJOIN(",",TRUE,[3]遥信!$A$717:$A$831) -> 1775,1776,1777,1778,1779,1780,1781,1782,1783,1784,1785,1786,1787,1788,1789,1790,1791,1792,1793,1794,1795,1796,1797,1798,1799,1800,1801,1802,1803,1804,1805,1806,1807,1808,1809,1810,1811,1812,1813,1814,1815,1816,1817,1818,1819,1820,1821,1822,1823,1824,1825,1826,1827,1828,1829,1830,1831,1832,1833,1834,1835,1836,1837,1838,1839,1840,1841,1842,1843,1844,1845,1846,1847,1848,1849,1850,1851,1852,1853,1854,1855,1856,1857,1858,1859,1860,1861,1862,1863,1864,1865,1866,1867,1868,1869,1870,1871,1872,1873,1874,1875,1876,1877,1878,1879,1880,1881,1882,1883,1884,1885,1886,1887,1888,1889 | D97: 1
A98: crd | B98: /pds/crd/0/yx | C98: =_xlfn.TEXTJOIN(",",TRUE,[2]遥信!$A$2:$A$120)&",65535" -> 1000,1001,1002,1003,1004,1005,1006,1007,1008,1009,1010,1011,1012,1013,1014,1015,1016,1017,1018,1019,1020,1021,1022,1023,1024,1025,1026,1027,1028,1029,1030,1031,1032,1033,1034,1035,1036,1037,1038,1039,1040,1041,1042,1043,65535 | D98: 1
A99: crd | B99: /pds/crd/0/yc | C99: =_xlfn.TEXTJOIN(",",TRUE,[2]遥测!$A$2:$A$200) -> 1,2,3,4,5,6,7,8,9,10,11,12,13,14,15,16,17,18,19,20,21,22,23,24,25,26,27,28,29,30,31,32,33,34,35,36,37,38,39,40,41,42,43,44,45,46,47,48,49,50,51,52,53,54,55,56,57,58,59,60,61,62,63,64,65,66,67,68,69,70,71,72,73,74,75,76,77,78,79,80,81,82,83,84,85,86,87,88,89,90,91,92,93,94,95,96,97,98,99,100,101,102,103,104,105,106,107,108,109,110,111,112,113 | D99: 1
A100: crd | B100: /pds/crd/0/yk | C100: =_xlfn.TEXTJOIN(",",TRUE,[2]遥控!$A$2:$A$120) -> 3000,3001,3002,3003 | D100: 1
